season,week,date,homeTeam,awayTeam,homeWin,defRushYdsDiff,defRushTDDiff,defPassCompDiff,defPassAttDiff,defPassYdsDiff,defPassTDDiff,defPassIntDiff,defTimesSackedDiff,defSackYdsLostDiff,defFumLostDiff,defthirdPercDiff,deffourthPercDiff,defCompPercDiff,defRushYPCDiff,defFirstDownsDiff,defNetPassYdsDiff,defTurnoversDiff,offRushAttDiff,offRushYdsDiff,offPassCompDiff,offPassAttDiff,offPassYdsDiff,offPassTDDiff,offPassIntDiff,offTimesSackedDiff,offSackYdsLostDiff,offFumDiff,offFumLostDiff,offNumPenDiff,offPenYdsDiff,topDiff,eloDiff,offthirdPercDiff,offfourthPercDiff,offCompPercDiff,offRushYPCDiff,offFirstDownsDiff,offNetPassYdsDiff,offTotalYdsDiff,offTurnoversDiff,offTotalPlaysDiff,offPointsDiff,defPointsDiff
2014,1,2014-09-08,Arizona Cardinals,San Diego Chargers,1,-57,1,-3,-1,-66,-1,1,-2,-10,-2,-0.0615384615384616,0,-0.06531531531531531,0.2230063514467185,-7,-56,-1,2,57,3,1,66,1,-1,2,10,1,2,-1,-24,3.6400000000000006,-8.851000000000113,0.0615384615384616,0,0.06531531531531531,-0.2230063514467185,7,56,113,1,5,1,-1
2014,8,2014-10-26,Arizona Cardinals,Philadelphia Eagles,1,-38.85714285714285,0.14285714285714285,3.7142857142857153,1.857142857142854,25.571428571428555,-0.4285714285714286,1,-1.7142857142857144,-10.42857142857143,-0.4285714285714286,0.04794786335586876,0.14285714285714285,0.06625705260870862,0.03850251347067074,-0.5714285714285694,36,0.5714285714285714,-1,-26.285714285714278,-5.428571428571427,-6.857142857142861,-40.428571428571416,-0.1428571428571428,-1.142857142857143,0.5714285714285714,2.8571428571428568,-0.4285714285714286,-0.5714285714285714,-0.5714285714285712,-8,3.395714285714284,13.898999999999887,0.027938740825737607,0,-0.04228765822708147,0.022991957589367118,-2.428571428571427,-43.28571428571428,-69.57142857142856,-1.714285714285714,-7.285714285714292,-5.571428571428573,-2.428571428571427
2014,3,2014-09-21,Arizona Cardinals,San Francisco 49ers,1,-14,0.3333333333333333,3.6666666666666643,2.3333333333333357,16.333333333333343,-1.0000000000000002,0,-0.33333333333333326,-2,0,-0.03475783475783484,-0.3333333333333333,0.058956014838367654,0.06775448290841452,-3.333333333333332,18.333333333333314,0,0.33333333333333215,-6.333333333333329,-3,2.0000000000000036,10.333333333333314,0,-1,0,0.33333333333333215,0.33333333333333337,0.6666666666666667,-6.333333333333333,-57.666666666666664,-2.59,-46.072999999999865,-0.05341880341880334,-0.16666666666666669,-0.1356174059234293,0.018820143539124562,3,10,3.6666666666666856,-0.33333333333333326,2.3333333333333357,1.3333333333333321,-7.666666666666668
2014,6,2014-10-12,Arizona Cardinals,Washington Redskins,1,-32.03333333333333,0.09999999999999998,4.699999999999999,6.399999999999999,72.76666666666668,-0.16666666666666652,1.2666666666666668,-1.3,-7.9,0.26666666666666666,-0.017635526238467425,0.23333333333333336,0.015118677173821538,0.010467174982904948,1.4666666666666686,80.66666666666666,1.5333333333333337,0.6000000000000014,-13.733333333333334,-5.100000000000001,-2.3999999999999986,-77.86666666666667,-0.26666666666666683,-1.3333333333333333,0.16666666666666674,-3.566666666666668,-0.1333333333333333,-0.2333333333333334,-1.2000000000000002,-29.4,-0.4883333333333333,224.40699999999993,0.11434317316670256,-0.04999999999999999,-0.10844626216810493,0.039712179809644976,-2.833333333333332,-74.30000000000001,-88.0333333333333,-1.5666666666666664,-1.6333333333333329,1.1999999999999993,-6.466666666666669
2014,6,2014-10-12,Atlanta Falcons,Chicago Bears,0,36.33333333333333,1.3333333333333335,1.3333333333333321,0.1666666666666714,24.5,-0.6666666666666667,-1,-1.5,-8.166666666666666,0.5000000000000001,0.05112942612942617,0.16666666666666666,0.021245878377421423,-0.007100905238937583,3.666666666666668,32.66666666666666,-0.5,-2,0.6666666666666714,-0.8333333333333357,1.3333333333333286,38.166666666666686,-0.16666666666666652,0.33333333333333326,-0.6666666666666667,-1,-0.33333333333333326,0,-0.8333333333333339,2.8333333333333357,-4.068333333333335,-32.99299999999994,-0.00889665889665886,0.05555555555555555,-0.033916794618731316,-0.045477550482325296,-1.6666666666666679,39.16666666666663,39.833333333333314,0.33333333333333326,-1.3333333333333286,3.5,4.333333333333332
2014,1,2014-09-07,Atlanta Falcons,New Orleans Saints,1,16,2,-2,-1,-115,-2,1,-1,-3,0,0.06993006993007,0,-0.030454042081949018,-0.0018131835994618928,2,-112,1,-3,-16,2,1,115,2,-1,1,3,0,0,7,69,0.879999999999999,-114.91200000000003,-0.06993006993007,0,0.030454042081949018,0.0018131835994618928,-2,112,96,-1,-1,3,-3
2014,3,2014-09-18,Atlanta Falcons,Tampa Bay Buccaneers,1,-1,0.3333333333333335,-1,3.666666666666668,-0.33333333333337123,-0.6666666666666667,0.3333333333333333,-0.33333333333333326,-1.333333333333334,0.3333333333333335,-0.10236430236430238,0,-0.11779731049507913,-0.012779381982626875,-1.3333333333333357,1,0.6666666666666667,5,13.666666666666657,6.333333333333332,7.666666666666668,162.66666666666666,1.3333333333333335,0,-1.0000000000000002,-7.666666666666666,-1.3333333333333333,-0.3333333333333335,1.333333333333333,15.666666666666664,3.6333333333333364,51.83999999999992,0.09731934731934727,-0.16666666666666666,0.040646777856080174,0.003376283988560519,9.333333333333332,170.33333333333334,184,-0.3333333333333335,11.666666666666664,19.333333333333336,-7.666666666666668
2014,7,2014-10-19,Baltimore Ravens,Atlanta Falcons,1,-50.28571428571429,-1.4285714285714286,3.428571428571427,6.571428571428569,-5.714285714285722,-0.1428571428571428,0,1.1428571428571428,10.285714285714285,-0.2857142857142857,-0.051377194234337176,-0.38095238095238093,-0.01439997952097527,0.02170670099825378,-2.7142857142857153,-16,-0.2857142857142856,7.571428571428569,33.28571428571428,-3.571428571428573,-5.428571428571431,-41.14285714285717,0.1428571428571428,-0.4285714285714285,-1,-7.285714285714285,-0.1428571428571428,0,-1.428571428571428,-21.000000000000007,2.247142857142858,161.42000000000007,0.009318132847544625,0.21428571428571425,0.004264210554814074,-0.00787934173503102,2.2857142857142847,-33.85714285714283,-0.5714285714285552,-0.4285714285714286,1.142857142857153,3.142857142857146,-13.57142857142857
2014,4,2014-09-28,Baltimore Ravens,Carolina Panthers,1,-58.25,-0.25,-1.75,-2.5,19.75,-1.25,-0.5,-1,-7.5,0,-0.008757908757908828,-0.375,-0.008339388926313362,0.11577877719839824,-3.75,27.25,-0.5,6.5,63.5,0.5,2.5,-13.5,0.25,0.5,-1.75,-16.5,-0.75,-0.5,-2,-32,1.6199999999999974,-19.201999999999998,0.08495475113122175,-0.125,-0.009314709632734064,-0.10518782976658347,5,3,66.5,0,7.25,7.5,-9
2014,1,2014-09-07,Baltimore Ravens,Cincinnati Bengals,0,-15,-1,-10,-24,-44,0,-1,-3,-16,-1,-0.1848739495798319,-0.5,0.09337860780984719,0.11634796660382438,-10,-28,-2,-6,15,10,24,44,0,1,3,16,2,1,-1,-16,-1,-30.6099999999999,0.1848739495798319,0.5,-0.09337860780984719,-0.11634796660382438,10,28,43,2,21,-7,7
2014,2,2014-09-11,Baltimore Ravens,Pittsburgh Steelers,1,-85,-1,4,8,65,-1,0.5,-0.5,-4.5,1,0.0936147186147186,-0.5,-0.035824299798891346,0.059664538945011975,-7.5,69.5,1.5,4.5,12.5,5,9.5,-48,1,-0.5,-1,-6.5,-0.5,-0.5,-6.5,-53.5,3.654999999999994,-36.422000000000025,0.026960784313725505,0.25,0.004172589878930322,0.01595034099651907,5,-41.5,-29,-1,13,3,-12
2014,3,2014-09-21,Buffalo Bills,San Diego Chargers,0,-18.33333333333333,-0.3333333333333333,6.333333333333336,7,34,0,1,0.33333333333333304,-6.666666666666668,-0.33333333333333337,-0.050442612942612985,0.08333333333333333,0.047627321198749795,0.09792040721997572,6,40.66666666666666,0.6666666666666667,-3.0000000000000036,52.33333333333333,-4,-3.333333333333332,-54.99999999999997,-1,0,0.33333333333333326,8.333333333333332,-1,0,2.666666666666666,38,-4.77333333333333,-80.27199999999993,-0.09253752783164548,0,-0.04747758247758238,-0.1819055391846118,-4.999999999999998,-63.333333333333314,-11,0,-6,-2.333333333333332,1
2014,2,2014-09-14,Buffalo Bills,Miami Dolphins,1,-18,-0.5,10,8,69.5,0.5,1.5,1,8,0,0.05085784313725494,-0.125,0.09664442700156983,-0.02247608688614433,9.5,61.5,1.5,3.5,17.5,-8.5,-16.5,-22,-0.5,-0.5,-2,-17,-1.5,-1.5,4,51,-1.240000000000002,-41.01800000000003,-0.0921474358974359,-0.125,0.07375214071642644,7.834873037429191e-4,-10,-5,12.5,-2,-15,4.5,-9.5
2014,7,2014-10-19,Buffalo Bills,Minnesota Vikings,1,-37.71428571428571,-0.8571428571428571,1.8571428571428577,3.2857142857142847,29.142857142857167,0,0.2857142857142857,0.5714285714285712,1.2857142857142883,0.14285714285714285,-0.0621033728176586,-0.17857142857142855,-0.011931390941867903,0.12752483249245186,0.8571428571428577,27.85714285714286,0.4285714285714284,-2,-21.85714285714286,4.142857142857142,4,38.428571428571445,0.8571428571428572,-0.7142857142857143,-1.1428571428571428,-7.857142857142858,0.9999999999999999,0.5714285714285714,1.5714285714285703,17.714285714285722,-0.264285714285716,16.53800000000001,0.03594441273012705,0,0.04839874173411507,0.021970099534612736,-0.2857142857142847,46.28571428571428,24.428571428571388,-0.1428571428571428,0.8571428571428612,2.1428571428571423,-2.571428571428573
2014,6,2014-10-12,Buffalo Bills,New England Patriots,0,-43.5,-0.5,5.5,5.5,59.333333333333314,0.16666666666666652,-0.16666666666666674,0.6666666666666665,-1.333333333333334,-0.5000000000000001,-0.06247988122988124,-0.041666666666666664,0.05052616176128577,0.12136545740451177,1.3333333333333321,60.666666666666686,-0.6666666666666667,-3.666666666666668,-9,-1.1666666666666643,-0.5,-11.5,-0.5,0.5,0,1.6666666666666679,0,-0.16666666666666669,-0.16666666666666607,-7.833333333333343,-1.1283333333333303,-135.664,0.006403672580143127,-0.16666666666666669,-0.027088045968094998,-0.01869516751645134,-3.5,-13.166666666666657,-22.166666666666686,0.33333333333333337,-4.166666666666664,-7,-0.5
2014,5,2014-10-05,Carolina Panthers,Chicago Bears,1,13.399999999999991,0,3.3999999999999986,3.6000000000000014,-1.6000000000000227,0.19999999999999996,-0.3999999999999999,0.19999999999999973,5.999999999999998,0.19999999999999996,0.02762237762237768,0.09999999999999998,0.026743516315799076,-0.034230901857348256,1.1999999999999993,-7.599999999999994,-0.20000000000000018,0,-27.400000000000006,-3.3999999999999986,-2.799999999999997,12,-0.7999999999999998,-1,0,6.6,0,0.19999999999999996,-2.3999999999999995,-5.400000000000006,-2.367999999999995,38.82899999999995,-0.03419580419580426,0.2666666666666667,-0.04383624909099271,0.04576844804697017,-2.8000000000000007,5.400000000000006,-22,-0.8,-2.799999999999997,-2.3999999999999986,-2.1999999999999993
2014,2,2014-09-14,Carolina Panthers,Detroit Lions,1,28.5,-1,4.5,8,15,0.5,0.5,0.5,5,1.5,0.2096153846153846,-0.08333333333333331,-7.209702062642709e-4,-0.18919079500333308,1,10,2,4.5,14.5,-1.5,-6,-63,0,-0.5,0,-2,-1.5,-1,-1.5,-9,-1.1149999999999949,92.47299999999996,-0.20833333333333331,0.25,0.05147058823529416,0.013626236587758245,-1,-61,-46.5,-1.5,-1.5,1,-8.5
2014,3,2014-09-21,Carolina Panthers,Pittsburgh Steelers,0,15.333333333333343,-0.3333333333333333,1,4.333333333333329,-16,0,1,0.6666666666666665,6.000000000000002,0.33333333333333337,0.08030303030303032,-0.16666666666666663,-0.035683414100150745,-0.025700287825542123,-2,-22,1.3333333333333335,-4.666666666666668,-91.00000000000001,2.333333333333332,2.3333333333333357,12.666666666666629,0.6666666666666667,-0.6666666666666666,0.6666666666666665,9.000000000000002,0.33333333333333326,0,-4.666666666666667,-19,-0.6999999999999993,91.5920000000001,-0.040909090909090895,0,0.015538678666368932,0.12609163107330032,-2,3.6666666666666856,-87.33333333333331,-0.6666666666666666,-1.6666666666666643,-3.333333333333332,-4.666666666666668
2014,8,2014-10-26,Carolina Panthers,Seattle Seahawks,0,45.67857142857143,0.5714285714285714,2.125,2.017857142857146,21.73214285714286,0.2857142857142858,0.5714285714285714,0.5714285714285714,5.053571428571429,0.1785714285714286,0.03901076456223507,-0.026785714285714274,0.02398745350233389,-0.14441849185662842,2.178571428571427,16.678571428571416,0.75,-1.875,-55.428571428571416,2.696428571428573,5.910714285714285,43.08928571428572,-0.0714285714285714,0.07142857142857145,0.1071428571428572,5.321428571428571,0.1964285714285714,0.32142857142857145,-2.2857142857142865,-6.071428571428569,1.2062500000000007,-105.51699999999983,-0.009861567004424143,0.1517857142857143,-0.038831610758836455,0.09656828468517739,1.5357142857142847,37.76785714285714,-17.660714285714278,0.3928571428571429,4.142857142857146,-3.696428571428573,4.571428571428573
2014,1,2014-09-07,Chicago Bears,Buffalo Bills,0,107,1,-18,-27,-176,-1,-1,-1,-2,-1,-0.08333333333333337,0,0.033395176252319136,-0.03831786962284614,-14,-174,-2,-15,-107,18,27,176,1,1,1,2,0,1,-5,-65,4.170000000000002,37.3900000000001,0.08333333333333337,0,-0.033395176252319136,0.03831786962284614,14,174,67,2,13,-3,3
2014,4,2014-09-28,Chicago Bears,Green Bay Packers,0,-53.5,-0.5,1.25,-0.5,40.25,0.5,0.25,0.75,4,0,-0.0774761186525893,-0.33333333333333326,0.0631280313393856,-5.664703293192241e-4,-5.5,36.25,0.25,3.5,33.75,4.25,6.5,4,0.25,0.75,-0.5,-4.75,0.25,0,1,10.75,5.924999999999997,55.36700000000019,-0.011742424242424221,0.16666666666666666,-0.009440129055343527,-0.011266656890003779,4.75,8.75,42.5,0.75,9.5,0,1
2014,7,2014-10-19,Chicago Bears,Miami Dolphins,0,8.23809523809524,0.04761904761904767,-1.6904761904761898,-4.833333333333336,35.47619047619051,-0.11904761904761907,0.47619047619047616,-0.11904761904761907,1.2380952380952372,-0.5952380952380953,-0.009088093279269682,-0.2420634920634921,0.03349209932925967,-0.020963071256126897,0.14285714285714235,34.23809523809524,-0.11904761904761907,-5.19047619047619,-41.04761904761905,2.428571428571427,1.3809523809523796,30.690476190476176,0.33333333333333326,0.16666666666666663,0.0952380952380949,0.19047619047619158,0.19047619047619047,-0.1428571428571429,1.8571428571428568,12.214285714285715,1.1799999999999926,54.603999999999814,0.05655247530247526,-0.10119047619047622,0.03121984771841202,0.06120097736169694,-0.45238095238095255,30.5,-10.547619047619037,0.023809523809523947,-3.7142857142857153,-2.071428571428573,1.428571428571427
2014,2,2014-09-14,Cincinnati Bengals,Atlanta Falcons,1,-59,-2,7,20,-29.5,0,1.5,2.5,17.5,0,-0.16168390433096325,0.5,-0.12358609132802689,-0.028751242583601094,-3,-47,1.5,13.5,14.5,-7,-12.5,-38,-1,-1.5,-1.5,-11,-0.5,-0.5,-3,-26,2.5799999999999983,108.56500000000005,-0.04058441558441561,-0.25,0.029088312748043466,0.09734574261172751,-5,-27,-12.5,-2,-0.5,0,-16
2014,8,2014-10-26,Cincinnati Bengals,Baltimore Ravens,1,50.33928571428572,0.3928571428571428,0.571428571428573,5.053571428571431,-6.5,0.2678571428571428,0.6607142857142858,-0.5535714285714286,-8.928571428571429,-0.44642857142857145,-0.06485524279641924,0.38095238095238104,-0.07384063348862835,-0.06832898987181354,5.053571428571427,2.428571428571445,0.2142857142857142,-0.7321428571428577,-16.94642857142857,-0.48214285714285765,-2.4642857142857153,-5.982142857142861,-0.75,-0.3035714285714286,0.017857142857142794,-0.2857142857142865,-0.1428571428571429,-0.0535714285714286,0.8035714285714288,6.660714285714285,-1.7023214285714268,-37.923,-0.0893629304868801,-0.25297619047619047,0.020723424153688996,0.051586828803829476,-2.9642857142857153,-5.696428571428584,-22.642857142857167,-0.3571428571428572,-3.1785714285714306,-4.125,7.053571428571427
2014,6,2014-10-12,Cincinnati Bengals,Carolina Panthers,0,1.2333333333333485,0,-0.06666666666666643,7.0333333333333385,-0.7666666666667084,-0.8,0.23333333333333317,-0.5666666666666664,-5.833333333333334,-0.6333333333333333,-0.14536027697792403,0.44999999999999996,-0.11704064040274453,0.006011832706955295,3.0333333333333314,5.0666666666666345,-0.3999999999999999,4.699999999999999,40.400000000000006,-2.0333333333333314,-5.333333333333336,-2.8666666666666742,-0.26666666666666683,0.26666666666666666,-1.6,-15.466666666666669,-0.9,-0.2333333333333334,1.166666666666667,2.200000000000003,-1.2423333333333346,35.92899999999986,-0.08835200746965455,-0.5,0.03634356972769015,-0.05380944272786228,-0.06666666666666643,12.600000000000023,53,0.033333333333333215,-2.233333333333327,3.3000000000000007,-3.5666666666666664
2014,3,2014-09-21,Cincinnati Bengals,Tennessee Titans,1,-21.000000000000014,-0.6666666666666666,7,16.666666666666664,66.33333333333331,-0.33333333333333337,0.6666666666666667,-0.33333333333333304,-2.9999999999999982,0,-0.030637254901960842,0.33333333333333337,-0.08063501200319889,-0.03995518628487388,0.33333333333333215,69.33333333333334,0.6666666666666667,7.666666666666668,-9.333333333333329,0.33333333333333215,-4.333333333333332,33.99999999999997,0,-1,-2.6666666666666665,-11,-1.3333333333333333,0,-3.333333333333334,-29.66666666666667,1.4633333333333347,128.95699999999988,0.08115079365079358,-0.16666666666666666,0.09410970866079216,0.09334574534208293,1,44.99999999999997,35.666666666666686,-1,0.6666666666666714,12.333333333333334,-12
2014,3,2014-09-21,Cleveland Browns,Baltimore Ravens,0,65.99999999999999,0.6666666666666666,1.3333333333333321,2,12,0.6666666666666666,0.6666666666666667,1,4.333333333333334,-0.3333333333333333,-0.01171051171051174,0.3333333333333333,-0.012957273305320816,-0.09136813728446205,7,7.666666666666686,0.33333333333333326,0.6666666666666643,-4.333333333333343,-4.666666666666668,-8.666666666666664,-4,-0.33333333333333326,-0.6666666666666666,0.33333333333333326,3.333333333333333,-0.3333333333333333,-0.3333333333333333,4,27.666666666666664,-3.583333333333332,-134.68399999999997,-0.04890819964349369,-0.16666666666666669,0.01460285592844801,0.037610386744061,-3,-7.333333333333343,-11.666666666666629,-1,-7.666666666666664,3,9
2014,2,2014-09-14,Cleveland Browns,New Orleans Saints,1,28,0.5,-2,-4.5,-12.5,-0.5,1,1.5,11.5,0,-0.055579836829836804,0,0.02720909974880481,-0.03281740068928532,-0.5,-24,1,3,0,-7,-5.5,-72,-0.5,-1,1,6,-1,-1,2,9.5,-3.2650000000000006,-173.08999999999992,-0.26726398601398593,0.5,-0.09005516840882699,0.025797020775880752,-5,-78,-78,-2,-1.5,-2.5,-4.5
2014,8,2014-10-26,Cleveland Browns,Oakland Raiders,1,14,0,2.2857142857142847,8.142857142857146,17,-0.2857142857142856,0.7142857142857142,1.2857142857142856,0.4285714285714288,0,-0.07563730129519602,0.17857142857142858,-0.093136071016935,-0.11240885660234112,1,16.571428571428555,0.7142857142857143,12.57142857142857,49.71428571428571,-5.571428571428569,-7.285714285714285,9.714285714285722,-0.2857142857142858,-0.8571428571428571,0.1428571428571428,1.571428571428572,-0.5714285714285714,-0.28571428571428575,0,2,1.3714285714285666,109.35699999999997,-0.053874620023448005,-0.10714285714285715,-0.025359149112992085,0.007809818816933711,3.7142857142857153,8.142857142857139,57.85714285714289,-1.1428571428571428,5.4285714285714235,8.285714285714285,-4.142857142857142
2014,6,2014-10-12,Cleveland Browns,Pittsburgh Steelers,1,38.43333333333332,0,2.5666666666666664,3.3333333333333357,31,0.26666666666666683,0.30000000000000004,0.5,-2.7666666666666657,-0.3,0.0829920079920079,-0.3,0.025719095031864314,-0.035342464538154345,3.3999999999999986,33.76666666666668,0,5,9.066666666666663,-6.166666666666668,-6.833333333333336,-27.69999999999999,0.06666666666666665,-0.3,-1.6333333333333335,-5.333333333333334,-0.3666666666666667,-0.4666666666666666,-2.0999999999999996,-17.233333333333327,-4.23,-146.25599999999986,-0.04743867243867239,-0.3,-0.06455762751889016,0.01778367182151072,-0.13333333333333286,-22.366666666666674,-13.300000000000011,-0.7666666666666667,-3.4666666666666686,6.133333333333333,-0.16666666666666785
2014,5,2014-10-05,Dallas Cowboys,Houston Texans,1,-10.199999999999989,0,-2.8000000000000007,-4.799999999999997,-11.400000000000034,0.20000000000000018,0.19999999999999996,-0.3999999999999999,-6,-0.7999999999999999,0.08338522588522596,0.2,-0.0060436206009159,-0.018595248876990933,-3.1999999999999993,-5.399999999999977,-0.5999999999999999,0.8000000000000007,33,4,4.199999999999999,38.80000000000001,0.8,-0.19999999999999996,0.8,11.600000000000001,0.6000000000000001,0.6,-0.20000000000000018,-15.399999999999999,2.6860000000000035,126.07300000000009,0.16588217338217337,-0.09999999999999998,0.04241376653757878,-0.10318419328707631,5.800000000000001,27.19999999999999,60.19999999999999,0.3999999999999999,5.800000000000004,6.199999999999999,3.200000000000003
2014,4,2014-09-28,Dallas Cowboys,New Orleans Saints,1,-15,-0.75,0.5,0,-3.75,0.25,1.25,0,-2.5,0.5,-0.03891629204129193,0,0.008759734409713005,-0.05963865300206528,-2.5,-1.25,1.75,7.5,33.75,-8.25,-10.75,-66.75,0,0.25,0.75,9,0.5,-0.25,2,11.5,3.3625000000000007,-23.948000000000093,-0.014167429792429798,0.125,-0.011538517113854452,0.00465805817209336,-2,-75.75,-42,0,-2.5,5,-6
2014,7,2014-10-19,Dallas Cowboys,New York Giants,1,-8.57142857142857,-0.5714285714285714,0.571428571428573,-0.2857142857142847,-40.285714285714306,0.1428571428571428,-0.5714285714285714,-0.8571428571428572,-8.285714285714285,0.4285714285714286,0.06118524332810049,0.2857142857142857,0.013678268863312804,-0.03492952133796007,-2.8571428571428577,-32.00000000000003,-0.14285714285714302,3.0000000000000036,46.14285714285715,-0.2857142857142847,-2.285714285714281,22.285714285714306,0,0.1428571428571428,-0.4285714285714286,-1,0,-0.1428571428571428,-0.14285714285714324,-1.7142857142857153,4.342857142857142,106.92399999999998,0.1589900062589139,-0.09523809523809523,0.04848870398045935,-0.07674650597927724,1.5714285714285694,23.285714285714278,69.42857142857144,0,0.2857142857142776,6,-3.1428571428571423
2014,1,2014-09-07,Dallas Cowboys,San Francisco 49ers,0,0,0,-7,-14,-80,1,-3,-2,-17,-1,0.02777777777777779,-1,0.07403055229142186,0.055118110236220486,-7,-63,-4,-7,0,7,14,80,-1,3,2,17,3,1,-1,-6,2.799999999999997,-146.72199999999998,-0.02777777777777779,1,-0.07403055229142186,-0.055118110236220486,7,63,63,4,9,-11,11
2014,8,2014-10-27,Dallas Cowboys,Washington Redskins,0,2.875,0.375,0.625,0.125,2,-0.75,0.625,-1.375,-16.125,0,0.0080006696734638,0.25,0.013201695145351078,-0.08012398537425763,-1.125,18.125,0.625,7.25,58.75,-3,-4.75,-46.875,0.625,-0.5,0,2.5,0.75,0.375,-2,-28.75,3.15625,253.34699999999998,0.24005854235633656,-0.1875,0.008065512919173567,-0.07260438575161351,2,-49.375,9.375,-0.125,2.5,5.25,-4.125
2014,5,2014-10-05,Denver Broncos,Arizona Cardinals,1,11.5,0.5,-2.25,1.25,-35,-0.75,-0.5,1.75,9,-0.5,-0.06076074660633479,-0.125,-0.08667659589360055,-0.021757560217688376,1,-44,-1,-0.25,-9,9,6,92.25,1.75,0.75,-1.25,-7.75,-0.25,-0.5,2.25,22.5,1.8550000000000004,27.815000000000055,0.009615384615384581,0,0.16696474322308963,0.02256432902523753,2.75,100,91,0.25,4.5,7.5,0.25
2014,1,2014-09-07,Denver Broncos,Indianapolis Colts,1,-48,0,13,17,101,-1,2,2,6,0,-0.1923076923076923,0.5,0.04926624737945484,-0.05446623093681918,0,95,2,18,48,-13,-17,-101,1,-2,-2,-6,1,0,-2,25,4.799999999999997,83.87199999999984,0.1923076923076923,-0.5,-0.04926624737945484,0.05446623093681918,0,-95,-47,-2,-1,7,-7
2014,2,2014-09-14,Denver Broncos,Kansas City Chiefs,1,-31.5,1.5,9,18,58.5,-1.5,1,0,-2,0,0.09134615384615385,-0.25,-0.09746699841039463,0.020932486941258877,4.5,60.5,1,1.5,-5,-1,-7.5,27,2.5,-1.5,-2,-8.5,0.5,0,4,27,-1.1649999999999991,170.40899999999988,0.052083333333333315,0.25,0.12844932844932855,0.021410265527334993,0,35.5,30.5,-1.5,-8,14,-4.5
2014,8,2014-10-23,Denver Broncos,San Diego Chargers,1,-38.44642857142857,0.0892857142857143,4.553571428571427,8.625,30.517857142857167,-0.03571428571428581,0.5,1.4107142857142856,6.785714285714285,-0.48214285714285715,-0.09634882799273553,0.2857142857142857,-0.02457127455405128,0.10774910207048205,1.8571428571428577,23.73214285714286,0.017857142857142794,-0.625,15.67857142857143,1.7321428571428577,2.142857142857146,28.232142857142833,0.6428571428571428,-0.19642857142857145,-0.4821428571428572,-1.2678571428571432,0.1428571428571428,0.14285714285714285,2.1428571428571423,10.982142857142861,-1.9887500000000031,80.93000000000006,-0.013332143754937797,0.01785714285714285,0.02264223961341605,-0.046333054937429174,1.821428571428573,29.5,45.178571428571445,-0.0535714285714286,1.0357142857142918,6.375,1.6607142857142847
2014,7,2014-10-19,Denver Broncos,San Francisco 49ers,1,-10.523809523809533,0.11904761904761907,3.9523809523809526,6.88095238095238,33.85714285714286,-0.3571428571428572,-0.16666666666666663,1.7857142857142858,12.5,-0.40476190476190477,-0.11442065171056764,-0.11904761904761904,-0.020980264426036954,0.044862211393957685,1.2380952380952408,21.35714285714286,-0.5714285714285714,-3.5,-29.976190476190467,3.9761904761904745,3.19047619047619,57,1.4523809523809523,-0.2142857142857143,-1.3809523809523812,-9.54761904761905,0.4285714285714286,-0.11904761904761904,-0.4285714285714288,0.2142857142857082,-3.2804761904761968,19.679000000000087,0.007160950300048041,-0.26190476190476186,0.07049547845392545,0.055819937138597286,1.9761904761904745,66.54761904761904,36.571428571428555,-0.33333333333333337,-1.6904761904761898,8.928571428571427,-3.404761904761905
2014,8,2014-10-26,Detroit Lions,Atlanta Falcons,1,-54,-1.125,0.375,0.875,-51.75,-0.125,0.5,2,12.625,-0.625,-0.13445981102231108,-0.22916666666666669,-0.01090662239893303,0.05816667798083791,-3.625,-64.375,-0.125,3.75,-16,-2.25,-1.25,-19.25,-0.5,-0.25,0.875,1.625,-0.125,-0.125,0.125,-6.375,4.633750000000006,136.1400000000001,-0.021498640248640233,-0.04166666666666666,-0.0432613911394123,0.0887032533566885,-1.625,-20.875,-36.875,-0.375,3.375,-3.75,-11.875
2014,5,2014-10-05,Detroit Lions,Buffalo Bills,0,3.4000000000000057,0.6,-4.599999999999998,-4.200000000000003,-44.400000000000006,-0.3999999999999999,-0.3999999999999999,-1,1.4000000000000021,-0.4,0.019620379620379602,0.08333333333333333,-0.06098391077563603,-0.014364823003383098,-3.6000000000000014,-45.80000000000001,-0.8,0,-24,1.4000000000000021,0.7999999999999972,52.19999999999999,0,0,1.7999999999999998,8.200000000000001,0.40000000000000013,0.8,-2.5999999999999996,-23.800000000000004,3.692,67.18299999999999,0.08968975468975471,0.1,0.01819636984523787,0.034906278712333816,2,44.00000000000003,20,0.8,2.5999999999999943,0.6000000000000014,-2
2014,3,2014-09-21,Detroit Lions,Green Bay Packers,1,-92.66666666666669,-1,-0.33333333333333215,0,-2.333333333333343,0,-0.33333333333333337,0.9999999999999998,15.333333333333332,-0.3333333333333333,-0.18818882642412055,-0.33333333333333326,-0.013508096841430284,0.11026179126441826,-5,-17.666666666666686,-0.6666666666666667,7,8.333333333333329,2.3333333333333357,4,61.99999999999997,-0.6666666666666667,0.6666666666666667,-0.6666666666666665,-4.666666666666668,0,0.33333333333333337,1,9.666666666666664,8.98333333333333,-21.152000000000044,0.09259259259259262,0.16666666666666666,0.004086146243008959,0.0517802658820965,1.3333333333333357,66.66666666666666,75,1,10.333333333333336,2.333333333333332,-11.333333333333332
2014,7,2014-10-19,Detroit Lions,New Orleans Saints,1,-29.73809523809524,-0.5714285714285714,-1.3333333333333321,0.1666666666666643,-41.35714285714286,-0.8333333333333333,0.6428571428571428,1.5,12.285714285714285,0.26190476190476186,-0.15560362256790833,0,-0.04408761101691072,0.03914130051996717,-3.5,-53.64285714285714,0.9047619047619048,1.428571428571427,-40.57142857142857,-6.9523809523809526,-7.833333333333336,-49.19047619047615,-0.5476190476190474,-0.30952380952380965,2.4285714285714284,15.095238095238095,0.1428571428571428,-0.261904761904762,1.0714285714285712,2,1.955238095238105,-4.994999999999891,-0.10548063048063044,-0.023809523809523808,-0.04992809792195585,0.11156078189822527,-8.285714285714285,-64.28571428571428,-104.85714285714283,-0.5714285714285714,-3.9761904761904674,-5.833333333333332,-12.5
2014,1,2014-09-08,Detroit Lions,New York Giants,1,-23,-1,-4,1,-183,-1,2,1,14,0,-0.4358974358974358,0.6666666666666666,-0.14204545454545459,0.02035749751737831,-4,-197,2,8,23,4,-1,183,1,-2,-1,-14,1,0,4,60,12.14,-22.585000000000036,0.4358974358974358,-0.6666666666666666,0.14204545454545459,-0.02035749751737831,4,197,220,-2,6,21,-21
2014,7,2014-10-19,Green Bay Packers,Carolina Panthers,1,10.285714285714278,-0.1428571428571428,-4.142857142857142,-0.5714285714285694,-38.85714285714286,-0.857142857142857,0.4285714285714286,0.1428571428571428,-3,-0.1428571428571429,-0.023834825305413476,0.19047619047619044,-0.11127593178576001,0.020463793350184056,0.7142857142857153,-35.85714285714286,0.2857142857142858,-0.42857142857142705,8.714285714285708,-3,-6.428571428571427,-28.571428571428555,0.8571428571428574,-0.14285714285714285,0.2857142857142856,-3.142857142857144,-0.2857142857142858,-0.4285714285714286,-0.7142857142857144,-17.428571428571423,-2.807142857142864,12.15300000000002,0.032467532467532534,-0.2857142857142857,0.047077151014388585,-0.028427512315178927,-1.4285714285714306,-25.428571428571416,-16.714285714285722,-0.5714285714285714,-6.571428571428569,5.857142857142854,-6.857142857142858
2014,5,2014-10-02,Green Bay Packers,Minnesota Vikings,1,41.2,0.19999999999999996,-0.6000000000000014,3.6000000000000014,-18.19999999999999,-0.8,0.3999999999999999,0.3999999999999999,-1.4000000000000004,0.6,0.00991296285413934,0.5666666666666667,-0.08271261497947291,-0.009258950411702938,4.400000000000002,-16.799999999999983,1,-6.199999999999999,-40.400000000000006,1.3999999999999986,-2.6000000000000014,12.599999999999994,1.7999999999999998,-0.7999999999999999,-0.3999999999999999,-1.8000000000000007,0.19999999999999996,0.2,-0.7999999999999998,-12.800000000000004,-3.736000000000004,31.027999999999793,0.09102564102564104,-0.3,0.08891101491101494,0.004477083007228044,0,14.400000000000006,-26,-0.5999999999999999,-9.200000000000003,6.600000000000001,-4
2014,2,2014-09-14,Green Bay Packers,New York Jets,1,124.5,2,-5,-7,-65,-1,0.5,-1.5,-22,0,0.042112299465240643,0.8333333333333333,-0.02083333333333337,-0.2222776791876171,4,-43,0.5,-14,-99.5,4.5,7,69,1,-0.5,1.5,4.5,0.5,0,-3.5,-44,-4.5099999999999945,13.799999999999955,0.056372549019607865,-0.3333333333333333,-4.478280340349805e-4,0.06271098061866259,2.5,64.5,-35,-0.5,-5.5,2,7.5
2014,4,2014-09-28,Houston Texans,Buffalo Bills,1,58.75,0.75,-2.5,-2.25,-31.25,-0.25,-0.25,-1.25,-2.5,0.5,-0.08821733821733824,0.1875,-0.017073158501729857,-0.1815174056376753,-1.5,-28.75,0.25,4.25,-7.5,-0.5,-4.75,18.5,0,0.5,-0.25,-8.25,0.75,0.5,-2,-9.5,2.3275000000000006,-62.319999999999936,0.05401785714285723,0.125,0.0634878368431,0.1041404823678945,3,26.75,19.25,1,-0.75,2,-2
2014,6,2014-10-09,Houston Texans,Indianapolis Colts,0,18.16666666666667,-0.5000000000000001,6.5,7.166666666666671,31,0.3333333333333335,0,-1.1666666666666667,-7.5,0.33333333333333326,0.09096620971620967,0.1111111111111111,0.06909619665503886,0.02749583020973595,3.5,38.5,0.3333333333333335,-0.6666666666666679,13.166666666666671,-11.5,-17.166666666666668,-121.5,-1.8333333333333335,-0.16666666666666674,0.16666666666666674,-1.333333333333333,0,0,-1.166666666666667,-3.6666666666666714,-6.403333333333329,-140.462,-0.10376984126984118,0,-5.932164282876906e-4,0.006017443998481975,-8.666666666666668,-120.16666666666669,-107,-0.16666666666666652,-17.66666666666667,-9.5,-2.666666666666668
2014,1,2014-09-07,Houston Texans,Washington Redskins,1,16,1,15,15,61,-1,0,3,26,1,-0.25,0,0.14742014742014742,-0.12007965482907404,4,35,1,11,-16,-15,-15,-61,1,0,-3,-26,-1,-1,-1,-26,-1.7999999999999972,-14.615000000000009,0.25,0,-0.14742014742014742,0.12007965482907404,-4,-35,-51,-1,-7,11,-11
2014,5,2014-10-05,Indianapolis Colts,Baltimore Ravens,1,10.399999999999991,0.4,-4.200000000000003,-2.6000000000000014,-20.600000000000023,0.5999999999999999,0.6,1.4,8.200000000000001,-0.19999999999999996,-0.17098124098124096,0.06666666666666667,-0.08310292833081778,-0.08329027792389046,-0.20000000000000284,-28.799999999999983,0.3999999999999999,3.599999999999998,-5.799999999999997,6,5.799999999999997,69.39999999999998,1.4,0.6,-0.19999999999999996,-5.200000000000001,0.3999999999999999,0,3.3999999999999995,32.00000000000001,6.948,-19.93100000000004,0.019678556737380226,-0.06666666666666665,0.03725014741695454,0.05219888449189114,3.8000000000000007,74.60000000000002,68.80000000000001,0.6000000000000001,9.199999999999989,8,5.600000000000001
2014,7,2014-10-19,Indianapolis Colts,Cincinnati Bengals,1,-49.619047619047635,0,-7.261904761904759,-10.833333333333336,-48.309523809523824,-0.19047619047619047,-0.30952380952380965,1.3333333333333333,7.595238095238093,0.3571428571428571,-0.10710833284362697,-0.5357142857142858,-0.02376338590260496,0.02591921706653219,-7.928571428571427,-55.9047619047619,0.04761904761904745,4.404761904761905,11.785714285714292,7.5476190476190474,10.714285714285715,88.35714285714283,1.5476190476190477,0.5,0.5714285714285714,0.6190476190476186,0.761904761904762,0.3571428571428571,0.7857142857142856,8.523809523809518,8.753333333333334,3.8479999999999563,0.14608625501482647,0.21428571428571427,0.015315896333464418,-0.0011306922801862518,7.380952380952383,87.73809523809521,99.52380952380952,0.8571428571428572,15.690476190476197,8.5238095238095255,-3.904761904761905
2014,2,2014-09-15,Indianapolis Colts,Philadelphia Eagles,0,-2,1.5,-0.5,-2,81,-0.5,0,-1,-7,-1,0.2202380952380953,-0.5,0.01615192483865535,-0.036764077806494155,2.5,88,-1,-3.5,-24.5,3.5,2.5,-55.5,1,0.5,-1,-15.5,0,-0.5,-2,-12.5,4.665000000000003,-10.468999999999824,-0.09834682860998656,0.25,0.040522542520322724,0.025411624947956096,0.5,-40,-64.5,0,-2,-6.5,8.5
2014,4,2014-09-28,Indianapolis Colts,Tennessee Titans,1,-22.25,-0.25,-2.25,0.25,23.75,0,0,0,-1.75,0.25,-0.012847222222222177,-0.125,-0.07496723592453258,-0.05046701463447412,-3.75,25.5,0.25,6.75,-1.5,11.5,10.5,111.5,2.25,-0.5,-1.5,-7.5,-0.75,0,-0.5,-14.5,9.445,79.93799999999987,0.19929410866910868,0.25,0.13182328871787785,0.0766792914562347,8,119,117.5,-0.5,15.75,19,-3.75
2014,7,2014-10-19,Jacksonville Jaguars,Cleveland Browns,1,-45.21428571428571,-0.45238095238095244,3.071428571428573,3.1190476190476204,49.047619047619065,0.2142857142857142,-0.880952380952381,1.1428571428571428,10.404761904761907,0.5476190476190477,0.016691587995767587,0.047619047619047616,0.029430029930696877,0.10483445417647005,-1.5476190476190474,38.64285714285717,-0.33333333333333326,-10.785714285714285,-47.5,4.619047619047617,4.166666666666668,-3.4047619047619264,-0.023809523809523947,1.2380952380952381,2.6428571428571432,16.19047619047619,0,0.0714285714285714,-3.071428571428571,-26.214285714285715,-0.9388095238095211,-156.57000000000016,0.02454783195329413,-0.023809523809523808,0.04880843471005558,0.011807184169450924,-2.9523809523809526,-19.595238095238074,-67.09523809523813,1.3095238095238093,-3.9761904761904745,-8.333333333333332,4.119047619047617
2014,3,2014-09-21,Jacksonville Jaguars,Indianapolis Colts,0,48.66666666666667,0.33333333333333326,7.666666666666668,6.666666666666671,48,0.6666666666666665,-0.6666666666666667,1.6666666666666667,18.333333333333332,0.3333333333333333,0.034795321637426824,0.5,0.09159489572092716,-0.024942091283233825,5.666666666666668,29.666666666666686,-0.33333333333333326,-9,-57.66666666666666,-10.666666666666664,-9.333333333333336,-72.33333333333334,-1.3333333333333333,0,4,30,-0.33333333333333337,0.3333333333333333,-2,-15.666666666666664,-9.246666666666666,-186.49399999999991,-0.1462759462759462,-0.5,-0.1257566056330952,0.09332532377404174,-10.666666666666666,-102.33333333333334,-160,0.3333333333333335,-14.333333333333336,-17,13.666666666666664
2014,8,2014-10-26,Jacksonville Jaguars,Miami Dolphins,0,3.857142857142861,0.0535714285714286,1.3571428571428577,-0.1607142857142847,60.03571428571428,-0.08928571428571419,-0.4821428571428571,0.125,4.232142857142858,-0.5178571428571428,0.010919041659726125,-0.4077380952380951,0.024258525298029188,0.02982211284447106,1.75,55.803571428571416,-1,-4.964285714285715,-40.75,-0.25,0.4642857142857153,3.2142857142857224,-0.4464285714285714,0.7678571428571429,1.6964285714285716,10.839285714285714,-0.4285714285714286,-0.2321428571428571,-0.6607142857142856,-9.232142857142854,-1.5939285714285738,-170.89199999999983,-0.029171349483849474,0,-0.028193824031146786,0.06600181428264906,-3.553571428571427,-7.625,-48.375,0.5357142857142858,-2.8035714285714306,-10.107142857142858,5.678571428571427
2014,5,2014-10-05,Jacksonville Jaguars,Pittsburgh Steelers,0,24.799999999999997,0.20000000000000007,5.600000000000001,4,87.80000000000001,1,-0.39999999999999997,1.6,8,0.19999999999999996,0.1526545822598454,-0.3,0.07379645692083359,0.03425476998873464,4.199999999999999,79.80000000000001,-0.19999999999999996,-8.399999999999999,-70.19999999999999,-3.400000000000002,-0.7999999999999972,-49.39999999999998,-0.19999999999999996,0.9999999999999999,1.2000000000000002,12.200000000000001,0,-0.20000000000000007,-5.799999999999999,-51.400000000000006,-6.609999999999999,-236.43100000000004,-0.07362970362970356,-0.39999999999999997,-0.08677843237373373,0.08371983040348027,-6.999999999999998,-61.60000000000002,-131.8,0.8,-8,-9.4,12.199999999999996
2014,8,2014-10-26,Kansas City Chiefs,St. Louis Rams,1,-31.428571428571416,-1.1428571428571428,-2.1428571428571423,1.2857142857142883,-20.571428571428584,0.1428571428571428,0.14285714285714285,2.571428571428571,15,-0.5714285714285714,-0.1375412286126571,0.2857142857142857,-0.10091257712021906,-0.010307280127249463,-2,-35.571428571428555,-0.4285714285714285,6.428571428571427,37.999999999999986,-2.1428571428571423,-4.142857142857139,-40.85714285714286,-0.1428571428571428,-0.2857142857142857,-0.714285714285714,-8.571428571428571,-0.5714285714285714,-0.28571428571428575,-2.571428571428571,-30.714285714285722,2.037142857142861,97.58900000000017,0.0760231831660404,0,0.010936656587606675,-0.021178536217145383,1.571428571428573,-32.28571428571428,5.714285714285722,-0.5714285714285714,1.5714285714285694,5.714285714285715,-11.714285714285715
2014,4,2014-09-29,Kansas City Chiefs,New England Patriots,1,-13.25,-0.5,1.5,1,35,0.5,-1,0.75,-1,-0.25,-0.1421644327894328,0.25,0.03806053205420512,-0.0642708806267707,-2,36,-1.25,5.5,47.75,-0.75,-4,7.5,0.5,0.25,0.75,1.25,-0.5,-0.25,-3.75,-51.75,3.1000000000000014,-129.07799999999997,0.13579598506069102,0.25,0.04782410157410155,-0.0499376548792361,5.5,6.25,54,0,2.25,5.5,-2.75
2014,1,2014-09-07,Kansas City Chiefs,Tennessee Titans,0,95,0,3,-2,64,1,-3,0,-1,0,0.3541666666666667,-0.5,0.12380952380952381,-0.019163442049014212,9,65,-3,-21,-95,-3,2,-64,-1,3,0,1,-1,0,-9,-85,-15.459999999999997,36.69200000000001,-0.3541666666666667,0.5,-0.12380952380952381,0.019163442049014212,-9,-65,-160,3,-19,-16,16
2014,4,2014-09-28,San Diego Chargers,Jacksonville Jaguars,1,-33.25,-0.5,-5,-6,-94.75,-1.25,0.25,-0.5,-2.5,0.5,-0.018896399652978513,-0.375,-0.022566459572273545,-0.053067654367641603,-6.75,-92.25,0.75,9.5,-0.25,2.75,-0.5,46.5,0.75,-1,-3.75,-26,0.75,-0.75,1.75,13.75,6.925000000000004,302.3810000000001,0.12971679056237878,0,0.09527783843050153,0.1195516684040816,3.75,72.5,72.25,-1.75,5.25,11,-22.25
2014,7,2014-10-19,San Diego Chargers,Kansas City Chiefs,0,-10.80952380952381,0.42857142857142855,1.1190476190476168,1.476190476190478,0.3333333333333428,-0.26190476190476186,0.0714285714285714,-0.6904761904761907,-0.23809523809523725,0.5476190476190477,0.11441399209256353,-0.3333333333333333,-0.004263072523131184,0.011711767650951443,-1.3095238095238102,0.5714285714285836,0.6190476190476192,-1.571428571428573,-51.04761904761905,2.30952380952381,2,68.47619047619051,0.9285714285714284,-0.23809523809523808,-1.0952380952380951,-2.571428571428571,0.1428571428571428,-0.3333333333333333,1.0238095238095237,13.976190476190482,0.6928571428571395,100.97399999999993,0.0025196908600268464,-0.25,0.020196723537737382,0.13293331352285756,-0.7619047619047592,71.04761904761907,20,-0.5714285714285714,-0.6666666666666714,2.619047619047617,-3.880952380952383
2014,5,2014-10-05,San Diego Chargers,New York Jets,1,13,0,-1.3999999999999986,-0.7999999999999972,-46.20000000000002,-1.2,0.39999999999999997,-1,-3.1999999999999993,0.6,-0.05840659340659338,0,-0.03422802274674841,-0.1284137681113074,-1,-43,1,2.3999999999999986,-51.19999999999999,4.399999999999999,-0.6000000000000014,89.40000000000003,1.5999999999999999,-0.7999999999999999,-0.6000000000000001,-7.799999999999999,-1.0000000000000002,-0.8,-2.4000000000000004,-22.800000000000004,5.396000000000004,196.2070000000001,0.15295248868778277,-0.2333333333333333,0.14359252951078494,0.18185023837645942,2.599999999999998,97.19999999999999,46,-1.6,1.2000000000000028,10.8,-12.799999999999999
2014,2,2014-09-14,San Diego Chargers,Seattle Seahawks,1,18,0,-5,-4,16.5,0,-0.5,0,5,1.5,-0.12584841628959276,0,-0.06253890253890249,-0.13496707660062646,-4.5,11.5,1,5.5,-81,6.5,10,64.5,0,0.5,-1,-7,0.5,-1,0,-11,9.675000000000004,-135.57000000000016,0.12479946524064167,-0.5,-0.009240669240669241,0.26438038173940026,1,71.5,-9.5,-0.5,14.5,-5,-3.5
2014,3,2014-09-21,St. Louis Rams,Dallas Cowboys,0,45,1,-4.333333333333332,-10,-65.33333333333334,-0.6666666666666667,-0.6666666666666666,-0.6666666666666667,-2.333333333333333,0,-0.04957264957264962,-0.16666666666666666,0.09505460155076528,-0.014287602953332756,-1,-63,-0.6666666666666667,-4.666666666666668,-52.66666666666666,5.333333333333332,5.9999999999999964,53.66666666666666,-0.33333333333333326,0,0,-4,0.6666666666666667,-0.33333333333333337,2.999999999999999,64.33333333333334,-1.0399999999999991,-40.432000000000016,-0.08747039997040001,-0.16666666666666666,0.02672344651355152,0.06161921782060861,-3.3333333333333357,57.66666666666666,5,-0.3333333333333335,1.3333333333333357,-7,5.333333333333332
2014,1,2014-09-07,St. Louis Rams,Minnesota Vikings,0,113,1,-7,-11,-103,2,-2,-5,-27,0,-0.0357142857142857,0,0.01333333333333342,-0.1325825825825826,3,-76,-2,-10,-113,7,11,103,-2,2,5,27,2,0,6,61,3.4399999999999977,37.92599999999993,0.0357142857142857,0,-0.01333333333333342,0.1325825825825826,-3,76,-37,2,6,-28,28
2014,7,2014-10-19,St. Louis Rams,Seattle Seahawks,1,59.5,0.33333333333333337,-3.666666666666668,-5.166666666666664,-8.833333333333343,-0.16666666666666674,0.16666666666666669,-0.5000000000000001,-3.833333333333333,0.16666666666666663,-0.0056683784624962374,-0.16666666666666666,-0.007080546960205325,-0.14474777644882758,-0.16666666666666785,-5,0.33333333333333337,-2.5,-48.000000000000014,4.666666666666668,7.166666666666668,51.833333333333314,-0.16666666666666674,0.5,0.33333333333333304,1.666666666666666,0.6666666666666667,0.5,-0.833333333333333,9.166666666666671,1.624999999999993,-215.29899999999998,0.04417872432578307,-0.08333333333333331,0.021134438449709414,0.060571772817068076,1.3333333333333357,50.166666666666686,2.1666666666666856,1,5,-5,5.833333333333332
2014,6,2014-10-13,St. Louis Rams,San Francisco 49ers,0,59.96666666666668,0.30000000000000004,-1.1000000000000014,-8.466666666666665,6.533333333333331,0.30000000000000004,-0.5666666666666668,-1.4666666666666668,-8.533333333333333,0.13333333333333341,-0.022866762866762924,-0.3333333333333333,0.1372431793511909,-0.07752325171118768,-0.03333333333333144,15.066666666666663,-0.43333333333333335,-6.399999999999999,-29.666666666666657,5.366666666666667,8.600000000000001,46.53333333333333,-0.26666666666666683,0.33333333333333337,1.0333333333333337,6.199999999999999,1.5333333333333337,0.6666666666666667,-0.033333333333333215,15.666666666666671,-1.4306666666666672,-173.16899999999987,-0.031845712766765344,-0.31666666666666665,0.01114202268079112,-9.770518910795778e-4,2.3000000000000007,40.33333333333334,10.666666666666686,1,3.2333333333333343,-3.3000000000000007,9.5
2014,6,2014-10-12,Miami Dolphins,Green Bay Packers,0,-44.5,-0.5666666666666668,2.866666666666667,4.600000000000001,11.199999999999989,0.8333333333333333,-0.9,0.6333333333333333,3.0999999999999996,0.33333333333333337,-0.05134998443821981,0.027777777777777846,0.015551059945746792,0.04694523249130206,-2.833333333333332,8.099999999999994,-0.5666666666666664,3.2333333333333307,41.36666666666666,1.7666666666666693,4.866666666666667,-10.966666666666669,-0.8999999999999999,0.6666666666666667,-0.5,-3.6333333333333346,0.8,0.8666666666666667,-1.0666666666666673,-11.299999999999997,0.5626666666666722,-81.90100000000007,-0.061269367887014925,-0.016666666666666663,-0.03983585160531178,-0.061830075702198006,1.6333333333333329,-7.333333333333343,34.0333333333333,1.5333333333333337,7.599999999999994,-2.833333333333332,3.133333333333333
2014,3,2014-09-21,Miami Dolphins,Kansas City Chiefs,0,-5.000000000000014,1,0,1.6666666666666643,-25.333333333333314,-0.33333333333333326,0,0,-0.3333333333333339,1.3333333333333333,0.03692810457516338,0.16666666666666669,-0.023163103046824007,0.05335523982895518,-1.6666666666666643,-25,1.3333333333333333,-3.3333333333333357,12.666666666666671,2,7.333333333333336,-6.333333333333343,0,-0.33333333333333337,-0.6666666666666665,1.3333333333333321,0,0.33333333333333337,-0.3333333333333339,0.3333333333333357,-1.3900000000000006,30.728000000000065,-0.07190170940170942,-0.4166666666666667,-0.07945986921900539,-0.039716460915395935,0,-7.666666666666657,5,0,3.333333333333343,-1,6
2014,1,2014-09-07,Miami Dolphins,New England Patriots,1,-102,0,11,24,71,-1,-1,3,14,0,-0.2443438914027149,0.5,-0.044642857142857095,0.02576622154244365,-5,57,-1,18,102,-11,-24,-71,1,1,-3,-14,0,0,-5,-74,0.8999999999999986,-141.8520000000001,0.2443438914027149,-0.5,0.044642857142857095,-0.02576622154244365,5,-57,45,1,-9,13,-13
2014,4,2014-09-28,Miami Dolphins,Oakland Raiders,1,-51,-0.25,2,8.75,10,0.25,0.25,1.75,2,0.5,-0.08817242806213393,0.25,-0.09773107286331051,0.010742136833022109,-3,8,0.75,10.5,80.75,-0.75,0.75,9.75,0.25,-0.75,1.25,6.25,0.5,0.5,-1.5,-6.75,3.710000000000001,121.73800000000006,0.07169115606615606,-0.0625,-0.02410179998139872,-0.15251772365743405,6.5,3.5,84.25,-0.25,12.5,11.25,-1.5
2014,4,2014-09-28,Minnesota Vikings,Atlanta Falcons,1,-40.25,-1.5,1,0.25,-29.5,0.75,0.5,1.25,5.75,-1.25,0.06639194139194132,-0.5,0.028232675183894718,0.02435324043867909,-1.5,-35.25,-0.75,3.75,13,-8,-8.75,-108.75,-1.75,-0.5,0.75,4,-0.5,-1,-0.5,-12.5,-0.5174999999999983,-12.35200000000009,-0.17855477855477853,0.125,-0.08137648873468506,0.0630721712667267,-5.5,-112.75,-99.75,-1.5,-4.25,-10,-7.25
2014,6,2014-10-12,Minnesota Vikings,Detroit Lions,0,44.66666666666667,0.5,-0.33333333333333215,-3.166666666666668,10.833333333333343,0.8333333333333334,-0.33333333333333337,-1,-5.833333333333332,-0.3333333333333333,0.09469488844488849,-0.027777777777777776,0.05875670715738346,-0.0865319871671188,2.166666666666668,16.666666666666686,-0.6666666666666666,-0.1666666666666643,33.5,-2.5,-1.6666666666666714,-48.333333333333314,-0.6666666666666667,0.8333333333333334,0.16666666666666652,0.6666666666666679,-0.4999999999999999,-0.5,1,10,-4.008333333333329,-35.184000000000196,-0.03713601213601214,0.08333333333333334,-0.038324085686514575,-0.04876902513853959,-0.1666666666666643,-49,-15.5,0.3333333333333335,-1.6666666666666714,-2,10.166666666666666
2014,2,2014-09-14,Minnesota Vikings,New England Patriots,0,-11.5,0,0.5,-5.5,21,-1,-1.5,-0.5,-7,-1,-0.12962037962037964,0,0.12152777777777779,7.087453946093003e-4,-5.5,28,-2.5,-3,0,-3.5,-8,-13,0.5,2,0.5,4.5,-0.5,-1,-5,-72.5,-2.205000000000002,-70.84300000000007,-0.018812070282658466,-0.25,0.011626984126984152,0.02671952851728132,-0.5,-17.5,-17.5,1,-10.5,-4.5,-2
2014,8,2014-10-26,New England Patriots,Chicago Bears,1,19.375,-0.125,-2.5,-0.625,-49.125,-0.375,0,0.125,2.25,0.5,-0.02082969114219113,-0.14583333333333334,-0.06545843013911468,-0.0044358944616237905,0.875,-51.375,0.5,4.625,3.125,-1.125,-1,3.375,0.25,-0.75,-0.625,-3,-0.625,-0.5,2.125,25.5,-0.8949999999999996,165.6959999999999,-0.021445486702839633,-0.020833333333333315,-0.0020895265408202857,0.03404687456914479,-1.125,6.375,9.5,-1.25,3,7.25,-5.625
2014,5,2014-10-05,New England Patriots,Cincinnati Bengals,1,-20.400000000000006,-0.35,-5.550000000000001,-12.350000000000001,-53.05000000000001,0.6000000000000001,-0.30000000000000004,0,1.0999999999999996,0.75,0.05844559851912795,-0.625,0.05279066929348286,0.056704029605030765,-4.449999999999999,-54.150000000000006,0.4500000000000002,0.1999999999999993,11,3,6.549999999999997,-28.400000000000006,0.1499999999999999,0.15000000000000002,1.9500000000000002,10.8,0.8500000000000001,-0.15000000000000002,3.5,46.45,2.716000000000001,-26.229000000000042,0.0877917833800187,0.3,-0.018377906735438376,-0.00925479338624502,0.25,-39.19999999999999,-28.19999999999999,0,8.700000000000003,0.3500000000000014,2.3999999999999986
2014,7,2014-10-16,New England Patriots,New York Jets,1,38.28571428571429,0.2857142857142857,-2,-2.142857142857139,-32.14285714285714,-1.0000000000000002,0.8571428571428572,-0.2857142857142856,-1.571428571428573,0.7142857142857143,-0.03092740592740595,0.07142857142857142,-0.019316717868053224,-0.06141264478888192,2.571428571428573,-30.571428571428584,1.5714285714285714,-1.428571428571427,-31.714285714285708,2.857142857142854,1.142857142857146,51.85714285714286,1,-0.7142857142857143,-0.5714285714285716,-4.857142857142856,-0.8571428571428572,-0.28571428571428575,1.7142857142857144,17.142857142857153,-0.8671428571428628,243.98900000000003,-0.011458557782087098,0.047619047619047616,0.07201861954182132,0.048053758029825644,1,56.71428571428572,25,-0.9999999999999999,-0.8571428571428612,9.42857142857143,-4.428571428571427
2014,3,2014-09-21,New England Patriots,Oakland Raiders,1,-54.66666666666666,-0.3333333333333333,-1,5.666666666666668,-13.333333333333343,-0.33333333333333326,1.6666666666666667,1.0000000000000002,1.333333333333334,0.3333333333333333,-0.07665112665112667,0,-0.1568897885287872,0.01768403308496147,-1.6666666666666643,-14.666666666666686,2,11.666666666666668,40.66666666666667,-0.3333333333333357,2,14.666666666666657,0,-1,1.666666666666667,8.333333333333334,0,0,5,76.33333333333333,5.903333333333332,291.41200000000003,0.09814096578802456,-0.16666666666666666,-0.017443914502737967,-0.06807888042306093,3.333333333333334,6.333333333333343,46.99999999999997,-1,15.333333333333336,9.666666666666666,-5.333333333333336
2014,8,2014-10-26,New Orleans Saints,Green Bay Packers,1,-52.35714285714286,-0.125,2.7678571428571423,2.0535714285714306,60.83928571428572,0.2142857142857142,-0.5357142857142857,-0.3928571428571428,-2.696428571428571,-0.3392857142857143,-0.05465428595680705,-0.13988095238095236,0.03128854990403962,0.05805874269817918,-1.7857142857142847,63.53571428571428,-0.875,1.6071428571428577,35.5,7.660714285714285,9.892857142857146,52.89285714285717,-0.375,0.5,-1.4821428571428572,-10.767857142857142,0,0.4821428571428571,-0.5892857142857144,-0.3928571428571459,3.166964285714286,-52.011999999999944,0.10315199506375983,-0.04464285714285715,0.0262586028563474,-0.05376990012541269,6.392857142857142,63.66071428571428,99.16071428571428,0.9821428571428572,10.017857142857139,0.678571428571427,2.9821428571428577
2014,3,2014-09-21,New Orleans Saints,Minnesota Vikings,1,-8.666666666666671,0,2.333333333333332,7.333333333333332,46.66666666666666,0.33333333333333326,-0.6666666666666666,-1.0000000000000002,-6.333333333333333,0.3333333333333333,0.015929903429903414,0.3333333333333333,-0.07726638395952068,-0.008827830240575874,2,52.99999999999997,-0.3333333333333333,4.666666666666668,41.000000000000014,10,8.666666666666668,96.00000000000003,0.6666666666666667,-0.6666666666666666,-1.6666666666666665,-11.666666666666668,0,0.6666666666666666,-2.333333333333333,-22,4.213333333333335,53.33600000000001,0.2775058275058274,0,0.12082010582010583,-0.08159954058225505,11.666666666666668,107.66666666666666,148.66666666666669,0,11.666666666666664,9.333333333333332,5.333333333333332
2014,5,2014-10-05,New Orleans Saints,Tampa Bay Buccaneers,1,-8.200000000000003,-0.19999999999999996,-4.399999999999999,-2.799999999999997,-30.19999999999999,-0.19999999999999996,-0.6000000000000001,-0.6000000000000001,-5.6,-0.8,-0.03684232434232443,-0.2,-0.08841097239863194,0.0027809158212653284,-3.599999999999998,-24.599999999999966,-1.4,4.800000000000001,42.599999999999994,10,10.200000000000003,96.4,0.40000000000000013,0,-0.8,-8.4,-1.2000000000000002,-0.19999999999999996,-4.2,-30.4,5.338000000000001,121.14599999999996,0.121025641025641,-0.1,0.07890063645724599,-0.05474363456608736,10.2,104.80000000000001,147.40000000000003,-0.20000000000000018,14.200000000000003,5.799999999999997,-3
2014,2,2014-09-14,New York Giants,Arizona Cardinals,0,33.5,1,-5.5,-7,-1,-0.5,-1.5,1.5,6.5,-1,0.07564102564102565,0,-0.039870689655172376,-0.08716425057681426,1,-7.5,-2.5,-2.5,-49.5,3,3,-15.5,0.5,2,-1,0.5,0,0,0.5,0.5,-1.4650000000000034,-88.39499999999998,-0.05769230769230771,0.3333333333333333,0.040356971391454,0.1420445556256643,-1.5,-16,-65.5,2,-0.5,-7.5,14.5
2014,5,2014-10-05,New York Giants,Atlanta Falcons,1,-48.599999999999994,-0.8,0,2.3999999999999986,10.800000000000011,0,1.2000000000000002,1.2,5.4,-0.9999999999999999,-0.16789377289377294,-0.2,-0.04889199880579187,0.011494837100162247,-2.1999999999999993,5.399999999999977,0.19999999999999996,8,5.599999999999994,-4.200000000000003,-6.400000000000006,-93.80000000000001,0,-0.3999999999999999,0.19999999999999996,1.799999999999999,0,0.19999999999999996,-1.5999999999999996,-25.199999999999996,2.304000000000002,36.065000000000055,0.0016724941724941544,-0.06666666666666668,-0.0128649827515398,0.08513352105517216,0.6000000000000014,-95.6,-90,-0.20000000000000018,1.7999999999999972,-3.599999999999998,-6.400000000000002
2014,3,2014-09-21,New York Giants,Houston Texans,1,-35.33333333333333,0.33333333333333326,-6.666666666666668,-3.6666666666666643,16.00000000000003,0,0.33333333333333337,1.0000000000000002,1,-1.6666666666666667,0.1374643874643875,-0.16666666666666666,-0.13546076865042378,0.0897071320845311,-2.3333333333333357,14.999999999999972,-1.3333333333333335,-4.666666666666668,-31.666666666666657,5.333333333333336,8.000000000000004,10,0.3333333333333335,0.33333333333333326,1,12.333333333333332,0,0.6666666666666667,-0.33333333333333304,-14.666666666666664,-2.0500000000000007,9.422000000000025,-0.06752136752136756,0.05555555555555555,-0.0036948431685274175,0.07187573155884575,3.333333333333332,-2.333333333333343,-34,1.0000000000000002,4.333333333333329,-2,9
2014,8,2014-10-26,New York Jets,Buffalo Bills,0,-6.875,0,-3,-4.625,2.25,1.25,-1.375,-0.5,0.625,-0.5,0.07721086479310163,-0.15625,-0.002867236090572378,5.549604308414668e-4,-3,1.625,-1.875,3.625,41.125,-1.75,2,-49.5,-0.875,0.625,-0.125,-0.875,0.625,0.25,-0.875,-2,1.1099999999999994,-73.30400000000009,0.04920965096564939,0.08333333333333331,-0.08196019907174645,-0.05452094048680681,2.25,-48.625,-7.5,0.875,5.5,-4.25,7.875
2014,3,2014-09-22,New York Jets,Chicago Bears,0,-89.66666666666666,-0.6666666666666666,1.6666666666666679,4.333333333333336,-5,1.3333333333333335,-2,0.666666666666667,14.666666666666666,0,-0.01837606837606831,-0.3333333333333333,-0.0413565652513741,0.20444898113533466,-0.6666666666666643,-19.666666666666657,-2,13.666666666666668,93.66666666666666,-5,-5.666666666666671,-12.333333333333343,-1.6666666666666665,0.6666666666666666,0,5,1.6666666666666665,0,0.33333333333333304,23,2.716666666666665,-55.718000000000075,0.0235294117647058,0.38888888888888884,-0.025952228694626434,-0.09623977625714278,-1.6666666666666679,-17.333333333333343,76.33333333333331,0.6666666666666667,7.999999999999993,-4.333333333333332,3.333333333333332
2014,6,2014-10-12,New York Jets,Denver Broncos,0,15.366666666666674,-0.6666666666666667,-1.8666666666666671,-6.899999999999999,-1.1333333333333258,1.1,-0.6333333333333334,0.16666666666666652,5.266666666666669,0.1333333333333333,0.06315224807871861,-0.1,0.07574887999278745,-0.01899926440031241,-1.7333333333333307,-6.400000000000006,-0.5,0.26666666666666927,29.96666666666667,-5.899999999999999,-3.0333333333333385,-108.33333333333334,-2,0.5666666666666668,1.3,7.300000000000001,1.1666666666666665,0.6333333333333333,-0.666666666666667,-0.5333333333333314,-2.2473333333333336,-245.79700000000003,-0.0592670401493931,-0.005555555555555591,-0.11972508606562704,-0.06584470162974265,-4.433333333333334,-115.63333333333335,-85.66666666666669,1.2,-1.4666666666666686,-13.399999999999999,5.533333333333331
2014,4,2014-09-28,New York Jets,Detroit Lions,0,-17.5,-0.5,4.75,4.75,50,1.25,-0.75,1,8.5,0,0.06730769230769229,-0.16666666666666666,0.057781532336485975,0.05890198231150279,0.75,41.5,-0.75,2.75,64,-3.25,-2.75,-63.5,-0.25,0.5,-0.5,-2.5,1.25,0,1.5,26.5,-4.399999999999999,-68.49199999999996,-0.08096405228758174,0.16666666666666663,-0.047508762563128415,-0.11110974873206797,-0.5,-61,3,0.5,-0.5,-1.5,8.5
2014,1,2014-09-07,New York Jets,Oakland Raiders,1,-187,-1,-3,3,-70,1,-1,0,-13,-1,-0.16666666666666669,0,-0.1681034482758621,0.439622641509434,-9,-57,-2,19,187,3,-3,70,-1,1,0,13,1,1,7,85,9.659999999999997,95.00700000000006,0.16666666666666669,0,0.1681034482758621,-0.439622641509434,9,57,244,2,16,5,-5
2014,7,2014-10-19,Oakland Raiders,Arizona Cardinals,0,72.83333333333334,0.33333333333333337,-3.166666666666668,-7.166666666666668,-54.66666666666666,0.16666666666666652,-0.8333333333333333,-0.16666666666666674,0.6666666666666661,0,0.12863455988455985,-0.25,0.06040212721983684,-0.05346128450729659,2.833333333333332,-55.333333333333314,-0.8333333333333333,-8.166666666666668,-22.5,1.8333333333333357,0.8333333333333286,-18.166666666666686,0,1,-0.9999999999999999,-6.000000000000001,0,0,0.5,4.833333333333329,-5.481666666666666,-284.14800000000014,-0.0711126972156384,0,0.038915857206605065,0.006686254556190874,-4.333333333333334,-12.166666666666657,-34.66666666666663,1,-8.333333333333336,-7.999999999999998,6.5
2014,2,2014-09-14,Oakland Raiders,Houston Texans,0,84,0,-9.5,-15.5,-85,1,-0.5,-0.5,2.5,-1.5,0.2722222222222222,-0.5,0.05165231344904675,0.030584429393628987,-1,-87.5,-2,-24,-88.5,9.5,16.5,34.5,0,1,1,9,1,0.5,-2,-43,-10.565000000000001,-44.45699999999988,-0.31388888888888894,0.5,-0.05267429938482571,0.11399190335314757,-1.5,25.5,-63,1.5,-6.5,-9.5,14.5
2014,6,2014-10-12,Oakland Raiders,San Diego Chargers,0,50.80000000000001,0.6666666666666667,0.6999999999999993,-3.8000000000000007,11.333333333333343,0.1333333333333333,-0.2666666666666666,-1,-6.333333333333332,-0.2333333333333334,0.07408064158064165,0.1,0.10916339437070255,0.04802112087865526,4.633333333333333,17.666666666666657,-0.5,-13.26666666666667,-20.66666666666667,-0.1999999999999993,3.866666666666667,-63.666666666666686,-0.7,1.0666666666666667,-0.7,-1.3666666666666671,0.23333333333333317,0.6,0.833333333333333,-5.9666666666666615,-9.148000000000003,-317.29600000000005,-0.14874892264598133,0.2,-0.08083357553945791,-0.05585221927534645,-4.633333333333333,-62.30000000000001,-82.9666666666667,1.6666666666666667,-10.100000000000001,-11.533333333333331,11.633333333333335
2014,1,2014-09-07,Philadelphia Eagles,Jacksonville Jaguars,1,-81,-1,-3,-2,-56,0,-1,-2,-23,-1,-0.2781954887218045,-1,-0.041860465116279055,0.1543103448275862,-6,-33,-2,8,81,3,2,56,0,1,2,23,2,1,-1,-5,1.5399999999999991,167.11499999999978,0.2781954887218045,1,0.041860465116279055,-0.1543103448275862,6,33,114,2,12,17,-17
2014,5,2014-10-05,Philadelphia Eagles,St. Louis Rams,1,-20.5,-0.6,5.25,14.299999999999997,98.35000000000002,1.1,-0.15000000000000002,1.9500000000000002,16.4,0.25,-0.05971804511278195,0.2,-0.13231488047901374,0.05511560592437503,4.550000000000001,81.94999999999999,0.10000000000000009,-0.1999999999999993,-10.650000000000006,-2.25,1.6000000000000014,-26.5,0.10000000000000009,0,-1.55,-8.8,-0.7,0.1499999999999999,-1,-32.95,-7.510499999999997,85.25099999999998,-0.040050212944949704,0.07500000000000001,-0.09022747240429263,0.08856162942549661,-1.8999999999999986,-17.69999999999999,-28.350000000000023,0.1499999999999999,-0.15000000000000568,10.2,-3.3500000000000014
2014,6,2014-10-12,Philadelphia Eagles,New York Giants,1,8,-0.8333333333333335,1.8333333333333321,4,6,0.9999999999999998,-1.1666666666666667,1.3333333333333333,11.166666666666668,0.6666666666666667,0.04482440074545335,0,-0.011847768701739314,0.024990123582066287,1.5,-5.166666666666686,-0.5,-3.666666666666668,0.8333333333333286,2,6.666666666666664,40.49999999999997,-0.16666666666666652,0.33333333333333337,-1.3333333333333333,-7.5,0.16666666666666674,0.16666666666666674,1,10.333333333333336,-4.770000000000003,43.71699999999987,-0.011243836572783827,0.05555555555555555,-0.0566290278528776,0.013428480218682814,-0.6666666666666643,47.99999999999997,48.833333333333314,0.5000000000000002,1.6666666666666714,8.333333333333332,-1
2014,3,2014-09-21,Philadelphia Eagles,Washington Redskins,1,41,0.3333333333333333,6.333333333333336,11.333333333333332,46.99999999999997,0.9999999999999998,0.3333333333333333,-2.3333333333333335,-15.333333333333332,0,-0.028293928293928405,0.3333333333333333,-0.007841797576040643,-0.07514324417891866,7.999999999999998,62.333333333333314,0.33333333333333326,-3,-26.66666666666667,-2.666666666666668,0.6666666666666643,-1.3333333333333144,0.33333333333333326,0.3333333333333333,-0.33333333333333326,-3.0000000000000018,0.3333333333333335,0.33333333333333337,-0.6666666666666679,-30,-8.333333333333332,152.31500000000005,-0.0035163666742614175,0.16666666666666666,-0.08311543250567621,0.05581663431893638,-3,1.6666666666666288,-25,0.6666666666666667,-2.666666666666657,6.666666666666664,4.666666666666668
2014,1,2014-09-07,Pittsburgh Steelers,Cleveland Browns,1,64,0,-6,-5,-168,0,-1,0,10,0,-0.15151515151515146,-1,-0.08571428571428574,-0.06604279177144742,-1,-178,-1,-2,-64,6,5,168,0,1,0,-10,1,0,3,41,4.900000000000002,147.03199999999993,0.15151515151515146,1,0.08571428571428574,0.06604279177144742,1,178,114,1,3,3,-3
2014,7,2014-10-20,Pittsburgh Steelers,Houston Texans,1,-4.428571428571431,0.2857142857142857,-5,-6,-37.285714285714306,-0.4285714285714286,-0.2857142857142857,-0.4285714285714286,0.5714285714285712,-0.5714285714285715,-0.018482509553938042,0.42857142857142855,-0.050446887238749016,-0.01073903395186726,-2,-37.85714285714286,-0.857142857142857,-2.857142857142854,-0.4285714285714164,6.142857142857142,8.857142857142858,51.85714285714283,0.4285714285714286,-0.5714285714285714,1.2857142857142858,9.714285714285714,-0.4285714285714286,-0.1428571428571428,3.2857142857142856,19.42857142857143,2.6299999999999955,92.12800000000016,0.053848532419960904,0.0714285714285714,0.01087839650469069,-0.040319300655643264,3.4285714285714306,42.14285714285717,41.71428571428572,-0.7142857142857144,7.285714285714292,-0.14285714285714235,1.7142857142857153
2014,8,2014-10-26,Pittsburgh Steelers,Indianapolis Colts,1,8.5,0,-0.5,-0.875,-6.875,-0.125,0,-1.125,-4.125,-0.375,0.07265685703185704,0.33333333333333337,0.0068872948549228985,-0.008878125344714716,1.125,-2.75,-0.375,-0.75,11.375,-2.25,-5.875,-40.75,-0.625,-0.75,0.875,4.625,-0.125,0.125,2.125,11.625,-1.5487499999999983,-90.37799999999993,-0.022697094572094567,0.3125,0.04056638586755412,-0.012864250988561698,-3.375,-45.375,-34,-0.625,-5.75,-5.625,1.125
2014,4,2014-09-28,Pittsburgh Steelers,Tampa Bay Buccaneers,0,-2,-0.25,-2.75,2.75,-31.5,-0.25,0,-0.5,1.5,-0.75,-0.1350274725274725,0,-0.13338152989597662,-0.04302359209597101,-0.75,-33,-0.75,6,47.25,4.25,2,72.75,0.25,-0.75,0.75,-1.25,-1,-0.5,4.25,45.5,5.100000000000001,174.95299999999997,-0.05864968364968365,0.5,0.0638475340262068,-0.020996798669808914,6.5,74,121.25,-1.25,8.75,6.25,-5
2014,6,2014-10-12,Seattle Seahawks,Dallas Cowboys,0,-32.8,-0.2666666666666666,3.8000000000000007,4.733333333333334,31.46666666666667,0.6666666666666667,-0.7666666666666667,0.23333333333333317,6.766666666666666,0.09999999999999998,0.0451231774761186,-0.3333333333333333,0.030755506293960955,0.19276833133144836,3.3999999999999986,24.69999999999999,-0.6666666666666667,-4.966666666666665,-10.533333333333331,-3.2333333333333307,-3.833333333333332,-52.66666666666666,-0.23333333333333317,-0.43333333333333335,0.5333333333333334,-0.3333333333333339,-0.23333333333333317,-0.7666666666666667,2.1999999999999993,16.799999999999997,-5.425666666666665,116.40899999999988,-0.17975946983299934,0.23333333333333336,-0.028295279760298775,-0.014892175842647293,-4.866666666666667,-52.33333333333334,-62.866666666666674,-1.2,-8.266666666666673,-0.8999999999999986,1.6000000000000014
2014,3,2014-09-21,Seattle Seahawks,Denver Broncos,1,-33,-1,-1.3333333333333357,-3.6666666666666714,-41.333333333333314,0.6666666666666667,-0.33333333333333337,-0.9999999999999998,-5,0.3333333333333333,0.01875942684766213,-0.16666666666666666,0.03088960770901472,0.13507617258879628,-4.333333333333332,-36.333333333333314,0,5.333333333333332,72.66666666666667,-4.333333333333336,-7.666666666666668,-48.66666666666666,-0.6666666666666665,0,1,6.666666666666667,0.6666666666666667,0.3333333333333333,-1,-4,1.7600000000000016,17.809999999999945,-0.033199643493761144,0,0.00713355427641138,-0.16641803317044696,0.6666666666666679,-55.33333333333334,17.33333333333337,0.33333333333333337,-1.3333333333333286,2.666666666666668,-0.33333333333333215
2014,1,2014-09-04,Seattle Seahawks,Green Bay Packers,1,-127,-1,4,5,-2,-1,1,2,14,-1,0.1363636363636363,-1,0.018398268398268414,0.08375603864734302,-6,-16,0,16,127,-4,-5,2,1,-1,-2,-14,1,1,-4,4,6.659999999999997,179.144,-0.1363636363636363,1,-0.018398268398268414,-0.08375603864734302,6,16,143,0,9,20,-20
2014,2,2014-09-14,San Francisco 49ers,Chicago Bears,0,-73.5,-0.5,4.5,7.5,18,1.5,-0.5,-0.5,5,0,0.008547008547008517,0.25,-0.02341378811967043,0.08354234922031456,5.5,13,-0.5,11,61,-10,-13,-38,-1.5,0.5,1,5.5,0,0,6.5,47.5,0.8000000000000007,191.32000000000016,0.1858974358974359,0.25,-0.028524453259564764,-0.06502432266745223,-5,-43.5,17.5,0.5,-1,0,1
2014,5,2014-10-05,San Francisco 49ers,Kansas City Chiefs,1,-50.2,0.4,0.7999999999999972,3.8000000000000007,-15.799999999999983,-0.19999999999999996,0.7999999999999999,-2,-6.999999999999999,0.6000000000000001,0.15159090909090905,0,-0.05385901738842913,0.1129788317132889,-0.3999999999999986,-8.800000000000011,1.4,3,7.400000000000006,-0.6000000000000014,-1.4000000000000021,12.799999999999983,-0.20000000000000018,0,0,3.1999999999999993,-0.6,-0.2,5.199999999999999,43.8,4.109999999999996,78.14900000000011,-0.008854741749478645,0.2,-0.008440132552664514,0.012589676118692938,-1.1999999999999993,9.599999999999994,17,-0.19999999999999996,1.6000000000000014,-1.8000000000000007,1
2014,4,2014-09-28,San Francisco 49ers,Philadelphia Eagles,1,-64,0,-1.25,-1.75,-44.25,-0.75,0.5,-0.5,-4.25,0.5,0.114578111946533,0.25,0.0018115841559754875,0.07292618542029489,-2.5,-40,1,6.5,51.5,-3.25,-10.5,-65.25,0,0,1,3,-1.25,-1,2.5,25.75,9.905000000000001,42.993999999999915,0.11421911421911418,0.125,0.08731835930758658,-0.12993458395305318,-0.75,-68.25,-16.75,-1,-3,-8.5,-3.75
2014,6,2014-10-12,Tampa Bay Buccaneers,Baltimore Ravens,0,37.66666666666667,0.6666666666666667,2.333333333333332,-1.6666666666666714,20.16666666666663,1.5,0,-0.16666666666666674,-3.833333333333332,0.16666666666666663,0.07835497835497834,0.3333333333333333,0.10302465150549789,-0.029571103848829217,4.833333333333332,24,0.16666666666666674,-7.666666666666668,-43.000000000000014,-2.6666666666666643,-1.3333333333333357,-31.666666666666657,-0.5,0.6666666666666667,1.1666666666666667,8.333333333333332,1,0.16666666666666674,3,19.83333333333333,-3.1333333333333293,-152.3520000000001,-0.0583264774441245,-0.13888888888888887,-0.05183635559733024,0.034560348229995624,-4.833333333333332,-40,-83,0.8333333333333333,-7.833333333333329,-7.333333333333332,17.833333333333332
2014,1,2014-09-07,Tampa Bay Buccaneers,Carolina Panthers,0,11,0,2,-1,47,0,-2,-2,-12,-1,-0.09999999999999998,1,0.07731092436974796,0.12536873156342185,2,59,-3,-16,-11,-2,1,-47,0,2,2,12,2,1,-3,-40,-10.400000000000002,-140.52700000000004,0.09999999999999998,-1,-0.07731092436974796,-0.12536873156342185,-2,-59,-70,3,-13,-6,6
2014,2,2014-09-14,Tampa Bay Buccaneers,St. Louis Rams,0,-55,-1,6.5,8.5,58,0,-0.5,1,10,0.5,0.052272727272727304,0.5,0.01129914034579338,0.08583855085047074,1.5,48,0,-2,34,-4,-4.5,-73,1,0.5,-1.5,-8.5,-1,0,-5.5,-70.5,-5.539999999999999,-45.88000000000011,0.12987012987012986,0,-0.017405582922824347,-0.09575178266635742,0,-64.5,-30.5,0.5,-8,3,-6
2014,8,2014-10-26,Tampa Bay Buccaneers,Minnesota Vikings,0,12.232142857142861,0.25,3.9642857142857153,4.625,66.10714285714283,0.6607142857142856,-0.3035714285714286,-1.6964285714285714,-7.767857142857142,0.3571428571428571,0.12981631463774312,-0.0267857142857143,0.04123869750865228,-3.4223073042358165e-4,5.553571428571427,73.875,0.0535714285714286,-5.517857142857142,-35.32142857142857,0.928571428571427,0.3928571428571459,12.785714285714278,0.8035714285714286,-0.2321428571428572,-0.7857142857142856,-5.678571428571427,1.375,0.7321428571428571,0.8571428571428568,1.25,-2.6503571428571426,-59.652000000000044,-0.00583114801864798,0.0982142857142857,0.030671885979195013,0.012074032568321208,-0.803571428571427,18.464285714285722,-16.857142857142833,0.5,-5.910714285714285,1.625,10.232142857142858
2014,5,2014-10-05,Tennessee Titans,Cleveland Browns,0,-15.699999999999989,-0.25,-1.75,-0.8999999999999986,-30.05000000000001,0.25,0.44999999999999996,-0.19999999999999996,1.8000000000000007,-0.04999999999999999,-0.08163919413919413,-0.15,-0.03211480763324448,0.06451199452272058,1.0500000000000007,-31.849999999999994,0.3999999999999999,-6.75,-18.099999999999994,-2.1000000000000014,-1.0499999999999972,-21.349999999999994,-0.10000000000000009,0.95,1.5499999999999998,4.35,0.95,0.2,0.4499999999999993,11.75,-1.282,43.99199999999996,-0.054457972582972636,-0.15,-0.057767669032016133,-0.04730267868354046,-3.6000000000000014,-25.69999999999999,-43.80000000000001,1.15,-6.25,-8.149999999999999,1.5500000000000007
2014,2,2014-09-14,Tennessee Titans,Dallas Cowboys,0,39,0,2,3.5,-28.5,-0.5,0.5,2.5,20.5,0.5,-0.06875000000000003,0.25,-0.013517190984339678,0.0272144154656645,4.5,-49,1,-7.5,-51.5,-1,0.5,21.5,0.5,-0.5,-0.5,-14.5,-1,-1,1.5,21.5,-8.015,22.298999999999978,-0.2402777777777778,-0.5,-0.040357802021088074,0.008273789470575832,-7.5,36,-15.5,-1.5,-7.5,-3.5,-1
2014,8,2014-10-26,Tennessee Titans,Houston Texans,0,26.5,0.5,-3.125,-4.25,-21.75,-0.25,0.125,1,8.625,-0.875,0.042845869408369375,-0.125,-0.01927144645823875,-0.007823769056015173,3,-30.375,-0.75,-8.625,-38.25,1,3.5,9.625,0.25,0.125,0.5,2.875,-0.25,-0.375,2.375,20.5,-2.8762500000000024,14.672000000000025,-0.07856345043845053,-0.0625,-0.04603855568445969,-0.022069267597006503,-1.75,6.75,-31.5,-0.25,-4.625,-6,4.5
2014,6,2014-10-12,Tennessee Titans,Jacksonville Jaguars,1,10.5,0.16666666666666663,-3.166666666666668,-2.1666666666666714,-50.16666666666663,-0.16666666666666674,1,-0.6666666666666665,-3.5,-0.16666666666666669,-0.06840776182881447,-0.16666666666666669,-0.04744180415647725,-0.020222830895187227,2.5,-46.66666666666666,0.8333333333333334,5.333333333333332,46.66666666666667,-5,-5.333333333333336,-18.5,0,-0.33333333333333326,-1.6666666666666665,-16.166666666666664,0,-0.5,3,34.666666666666664,0.9166666666666679,137.29099999999994,-0.07339720464720473,-0.08333333333333333,-0.044976746077762586,-0.08241335278809184,1.1666666666666679,-2.333333333333343,44.333333333333314,-0.8333333333333333,-1.6666666666666714,3.833333333333332,-5.333333333333332
2014,2,2014-09-14,Washington Redskins,Jacksonville Jaguars,1,-98,-2,-11.5,-15.5,-105.5,-1,0,1,-3.5,-0.5,-0.059427414690572555,-0.75,-0.06515151515151518,0.12753361539125724,-16,-102,-0.5,15.5,116.5,7.5,1,48,-0.5,-0.5,-3.5,-19,1,0.5,2.5,35,9.855,28.486999999999853,0.15247252747252749,0.25,0.19615545778336463,-0.1897660964789577,13,67,183.5,0,13,10,-24
2014,4,2014-09-25,Washington Redskins,New York Giants,0,-14.25,-0.75,1.75,0.25,-11.25,1.25,-1.25,0.5,6,0,0.10973921911421913,-0.125,0.04170818580774427,0.09426665942324758,-0.25,-17.25,-1.25,-4.75,2.75,2.25,3.75,66.25,-0.75,0,0.5,5.25,0.5,0.25,3.75,49,0.2950000000000017,-67.93000000000006,-0.10367445054945051,-0.04166666666666666,-0.007215475965476004,-0.07158048526000835,-0.25,61,63.75,0.25,-0.5,-2,4.5
2014,5,2014-10-06,Washington Redskins,Seattle Seahawks,0,52.349999999999994,0.35,-5.550000000000001,-7.949999999999999,-19.75,0.20000000000000018,-0.09999999999999998,1.2999999999999998,10.350000000000001,0.15000000000000002,-4.991332197214482e-4,0.2,-0.014858424135427706,-0.11583687057887987,-0.3500000000000014,-30.099999999999994,0.050000000000000044,-5.350000000000001,-62.45,4.850000000000001,10,87.14999999999998,-0.3999999999999999,0.75,-0.44999999999999996,-0.6500000000000004,-0.3500000000000001,0.30000000000000004,0.40000000000000036,22.099999999999994,-0.5180000000000042,-312.317,-0.05950502928444101,-0.4,-0.0588060138060138,0.10506110250866782,0.75,87.80000000000001,25.350000000000023,1.05,4.200000000000003,-5.100000000000001,6.449999999999999
2014,7,2014-10-19,Washington Redskins,Tennessee Titans,1,-20.428571428571416,-0.42857142857142855,-1.7142857142857153,-2.5714285714285694,-30.571428571428584,0.4285714285714286,-0.7142857142857142,-0.28571428571428603,-1.2857142857142847,0,0.029282832013924565,0.21428571428571427,-0.0027648278942491444,0.04481659438606056,-5.285714285714285,-29.285714285714278,-0.7142857142857143,-0.14285714285714235,-11,6,5.857142857142854,85.42857142857144,0.2857142857142856,0.2857142857142858,-0.5714285714285716,5.285714285714285,0.14285714285714302,0.5714285714285714,-0.2857142857142856,1.5714285714285694,1.6085714285714268,-82.048,0.003924448567305727,0,0.07182898064974574,0.050129188191285645,3.1428571428571423,80.14285714285714,69.14285714285717,0.857142857142857,5.142857142857139,4.285714285714288,1.5714285714285694
